timestamp,username,status
2025-05-29 17:02:57,butterflyphotos-fdezki4gjyiukesd3xkgnh,FAILURE
2025-05-29 17:11:18,pass1,FAILURE
2025-05-29 17:12:22,pass1,FAILURE
2025-05-29 17:12:25,pass1,FAILURE
2025-05-29 17:12:33,pass1,FAILURE
2025-05-29 17:14:18,pass1,FAILURE
2025-05-29 17:15:34,pass1,FAILURE
2025-05-29 17:15:47,pass1,FAILURE
2025-05-29 17:18:10,pass1,FAILURE
2025-05-29 17:19:13,pass1,FAILURE
2025-05-29 17:21:59,user1,SUCCESS
2025-05-29 17:25:07,user1,SUCCESS
2025-05-29 17:27:32,user1,SUCCESS
2025-05-29 17:28:11,user1,SUCCESS
2025-05-29 17:30:08,user1,SUCCESS
2025-05-30 11:24:24,user1,SUCCESS
